Title,Company ,Skills,Location,Job_domain,URL
Data Scientist,TaskUs,"Machine Learning,SQL, NoSQL,Python,AWS, Deep Learning","Gurugram, Haryana",Data Scientist,https://jobs.eu.humanly.io/jobs/dc0f3ab1-f2e6-4da8-a803-2dcb52422ed7?utm_source=Indeed&ittk=8UOOBR3XNA
Associate Data Scientist,Blazeclan Technologies,"Data Analytics,EDA, Cloud Native Application development,  cloud managed services","Pune, Maharashtra",Data Scientist,https://in.indeed.com/jobs?q=associate+data+scientist&fromage=3&vjk=9a35ceb0c667539b
Data Science IC3,Microsoft,"Statistical Analysis,Research Knowledge,Modeling,Data Preparation","Hyderabad, Telangana",Data Scientist,https://jobs.careers.microsoft.com/us/en/job/1698044/Data-Science-IC3?jobsource=indeed
Inventory Planning Data Scientist Manager,Hewlett Packard,"Data Pipeline Design, Development,Sales and Production Forecasting,Leadership and Team Development,Reporting and Dashboard Creation,Data Integration","Bangalore, Karnataka",Data Scientist,https://www.respondhr.com/135386773?source=Indeed
Manager_Lead_Data Scientist,Vodafone,"Big Data,AWS,Diagnostic Models,machine learning, deep learning, NLP, expert systems , reinforcement learning , Convolutional Neural Networks , Recurrent Neural Networks ,  TensorFlow, PyTorch, scikit-learn, NumPy, Pandas, Statsmodels,  XGBoost ",India,Data Scientist,https://opportunities.vodafone.com/job/PUNE-Manager_Lead_Data-Scientist%2C-Machine-Learning-_Pune/1025316401/?feedId=301801&utm_source=Indeed&utm_campaign=Vodafone_Indeed
Senior Data Scientist,Thermo Fisher Scientific,"Data Analysis,Statistical Modeling,Machine Learning,Data Visualization,Pandas, NumPy, Python ,TensorFlow, PyTorch,communication skills,collaboration skills, R","Bengaluru, Karnataka",Data Scientist,https://jobs.thermofisher.com/global/en/job/TFSCGLOBALR01233104EXTERNALENGLOBAL/Senior-Data-Scientist?codes=INDEED
Data & Applied Scientist II,Microsoft," ML,NLP , PyTorch, TensorFlow, ONNX,  HuggingFace,DL,data analysis","Hyderabad, Telangana",Data Scientist,https://jobs.careers.microsoft.com/us/en/job/1700336/Data-&-Applied-Scientist-II?jobsource=indeed
Lead ML Engineer,IDP Education Ltd,"Big Data,Communication Skills,ML,Data structure,Python/R","Chennai, Tamil Nadu",ML Engineer,https://in.indeed.com/jobs?q=data+scientist&fromage=1&vjk=1fa7b2f94cac8d6a
Artificial Intelligence / Machine Learning - Lead,Saaki Argus And Averil Consulting,"AI,ML,Communication Skills,Python ,R ,C++,Computer Vision","Mysuru, Karnataka",ML Engineer,https://in.indeed.com/jobs?q=data+scientist&fromage=1&vjk=8c8c1749310e9a7e
Senior Data Scientist - Ai Data Science,Bristol Myers Squibb,"generative AI,AWS/GCP/Azure,DL,ML,MLOps ,Python,Pytorch /Tensorflow","Hyderabad, Telangana",Data Scientist,https://jobs.bms.com/careers/job/137460219348?ittk=XPV0SMJR5B&utm_campaign=Enabling%20Functions_IT%20-%20Global%20-%20India&jClickId=9266c224-5de4-434e-9cd1-d282e788572e&domain=bms.com&utm_source=Joveo_Indeed-organic
AI and ML Engineer,Muks Robotics LLP,"ML,Pytorch /Tensorflow,AI,DL,Data Preprocessing , Feature Engineering","Pune, Maharashtra",ML Engineer,https://in.indeed.com/jobs?q=data+scientist&fromage=1&vjk=3255272695bebb36
Software QA Engineer,NetApp,"Oracle Cloud,software testing,Communication skill","Bengaluru, Karnataka",Software Engineer,https://careers.netapp.com/job/-/-/27600/62629956608?jobPipeline=RD_Programmatic&p_sid=YeB1IIb&p_uid=Tb3l3cSR9p&ss=paid&utm_campaign=india&utm_content=pj_board&utm_medium=jobad&utm_source=indeed&dclid=CjgKEAjwzN-vBhDV-57CicznhHESJADXRlXNjDfJpdR8ogMlD74bBb0TQkY5jhquCrsaHLMh8HFP9PD_BwE
Frontend and Backend Developer,Technoarete Research And Development Association,"Html, Css, Bootstrap, JavaScript, Jquery, Json, Php Basics, Adobe Suite, Photoshop, communication skills","Chennai, Tamil Nadu",Full stack Developer,https://in.indeed.com/jobs?q=web+developer&fromage=1&vjk=15296bac30c01b42
Full Stack Developer,QO-BOX Private Limited," .NET framework, front-end, web interfaces, HTML, CSS, JavaScript,  .NET programming languages, existing software, documentation, software development life cycle (SDLC)",Remote,Full stack Developer,https://in.indeed.com/jobs?q=web+developer&fromage=1&vjk=81d34319dcc72f35
Blockchain Developer (Full Stack),Instaacoders Technologies Pvt. Ltd.,"Solidity, Ethereum, Go, JavaScript, Node.js, blockchain, Truffle, Web3.js, Ganache, blockchain protocols, consensus mechanisms, distributed ledger technologies (DLTs), cryptographic algorithms, digital signatures, HTML, CSS, front-end frameworks, React.js, Angular, back-end development technologies, Express.js, Flask, Django, database systems, query languages, NoSQL databases, MongoDB, cloud computing platforms, AWS, Azure, Google Cloud Platform (GCP), metamask, walletconnect, trustwallet.",Remote,Blockchain Developer,https://in.indeed.com/jobs?q=front+end+developer&fromage=1&vjk=435de01a767579ea
Frontend/Wordpress Developer,Knick Global,"WordPress, Shopify, HTML, CSS, JavaScript, jQuery, communication skills,Adobe Illustrator","Mohali, Punjab",Frontend Developer,https://in.indeed.com/jobs?q=front+end+developer&fromage=1&vjk=2662094e234f8665
Senior Frontend Developer,CodeEverest Private Limited,"React, Angular, React Native, frontend frameworks, responsive design, mobile-first development, Redux, Flex Design, Web3, Etherjs Library, version control systems, Git, user-centered design principles, communication skills",Remote,Frontend Developer,https://in.indeed.com/jobs?q=front+end+developer&fromage=1&vjk=96cdf0df3ee4760f
Front End Web Developer,Quibus,"HTML,CSS,JS, Figma, Bootstrap, Elementor,PHP,MySQL,SQL","Gopalpura, Jaipur, Rajasthan",Frontend Developer,https://in.indeed.com/jobs?q=front+end+developer&fromage=1&vjk=e9417852d79c842bH
React Developer,VOYON Technology Services Pvt Ltd,"ASP.NET Core development, React.js, HTML5, CSS3, JavaScript, front-end technologies, RESTful APIs,  JWT, version control systems, Git, OpenAI",India,React Developer,https://voyon.voyonfolks.com/careers
React + Node Developer,Kretoss Technology,"MySQL, HTML5, CSS, JavaScript, React, Node.js, design, development, Socket integration, custom development, customization, debugging, integration, third party API, payment gateway","Bodakdev, Ahmedabad, Gujarat",React Developer,https://in.indeed.com/jobs?q=front+end+developer&fromage=1&vjk=5dd1953e826ef503
Junior Front End Developer,Bapa Sitaram Group of Companies," PHP, HTML, CSS, JavaScript, jQuery, Bootstrap, ReactJS, responsive design principles, cross-browser compatibility, user testing, communication skills","Vadodara, Gujarat",Frontend Developer,https://in.indeed.com/jobs?q=front+end+developer&fromage=1&vjk=31f9afb66274d075
Engineer I (React Developer),ideaForge,"TypeScript, React, debugging, performance issues, backend developers, integration, frontend development, testing, deployment,JavaScript,React.js",Bengaluru,React Developer,https://app.webbtree.com/company/ideaforge/jobs/engineer-i-react-developer-4a9089
Data Executive,TheKredible," Finance, Research, Analytics, data analysis tools, Excel, Google Sheets, problem-solving skills, communication skills","Gurugram, Haryana",Data Analytics,https://in.indeed.com/jobs?q=data+analytics&fromage=1&vjk=45612c4f1d9bb76a
Data Analyst (Team Head),GlobalShala,"data analysis, statistical analysis, data mining, predictive modeling, communication skills, Python, R, SQL, Tableau, Power BI",Remote,Data Analytics,https://in.indeed.com/jobs?q=data+analytics&fromage=1&vjk=ca71cb469f9c34a4
Associate Data Analytics,Publicis Groupe,"dashboards,excel,Data entry , numerical analysis, data management platform","Gurugram, Haryana",Data Analytics,https://in.indeed.com/jobs?q=data+analytics&fromage=1&vjk=8c251aa1ec7c103b
React Node AWS - Senior Engineer,Iris Software,"JavaScript,React, Vue,Node.js, Python,Amazon Web Services (AWS),SQL,NoSQL database management,HTMLWireframes,CSS , Bootstrap, Tailwind,Full stack development,Version control systems (Git),Server-side rendering,Communication skills,DevOps,CI/CD,GraphQL APIs,RESTful services","Noida, Uttar Pradesh",React Developer,https://careers.irissoftware.com/job/Noida-React-Node-AWS-Senior-Engineer-UP/23546544/
Software Engineer II,MRI Software,"Azure Synapse Analytics, Azure Data Factory, Data lake, SQL database design, SSIS, communication skills",Bangalore,Software Engineer,https://mrisoftware.wd1.myworkdayjobs.com/en-US/External_CareerSite/job/Bangalore-India-Office/Software-Engineer-II_R-102875
Data Engineer,CyberArk,"ETL pipelines, Informatica, Rivery, SSIS, SQL, Oracle, Snowflake,Python, NumPy, Pandas, Spark, BI models, Databricks","Hyderabad, Telangana",Data Scientist,https://careers.cyberark.com/job/Hyderabad-Data-Engineer/1050561601/
Generative AI Data Engineer,Webhelp,"Data engineering, Generative AI , vector databases, spaCy, NLTK, Word2vec, pyTorch, Azure, AWS, GCP, Hadoop, Airflow, Pandas,software development, Python, communication skills, machine learning, deep neural networks, Generative AI models, GPT, Llama, ChromaDB, Pinecone, Pgvector, Elasticsearch",Bangalore,Data Scientist,https://jobs.webhelp.com/job/phn-phn-1445068/?utm_source=Indeed&utm_medium=organic&utm_campaign=Indeed
Lead Consultant - Data Scientist,Lilly," data scientist, applied statistics, DL, natural language processing, structured data, unstructured data, predictive modeling, visual analytics,  R, Python, analytical skills, AI, ML","Bengaluru, Karnataka",Data Scientist,https://careers.lilly.com/us/en/job/LILLUSR61573EXTERNALENUS/Lead-Consultant-Data-Scientist?utm_source=indeed&utm_medium=phenom-feeds&codes=Indeed
Data Scientist,Jobs for Humanity,"Python developer, machine learning , product development,","Hyderabad, Telangana",Data Scientist,https://in.indeed.com/jobs?q=data+analytics&fromage=1&vjk=5dc6be66baca5327
Front End Developer,ItzEazy India,"SEO principles, HTML5, CSS3, ReactJs, Redux, CSS, JavaScript, Bootstrap, CSS ,LESS, SASS, jQuery",Remote,Frontend Developer,https://in.indeed.com/jobs?q=backend+developer&fromage=1&vjk=220effd73ddb92dc
Front End Developer,Weshare,"frontend development, React.js, HTML5, CSS3, JavaScript (ES6+), Redux, Mobx,RESTful APIs, Webpack, Babel, npm,yarn, CSS ,SASS, LESS,communication skills, Git",Remote,Frontend Developer,https://in.indeed.com/jobs?q=backend+developer&fromage=1&vjk=bc6b134d67047ac2
Front-end Developer,Indiahikes,"front-end development, React.js, headless CMS (Prismic), website management, issue fixing, feature development",Remote,Data Analytics,https://indiahikes.com/careers
Backend Developer,Weshare,"Node.js and Express.js, MySQL, MongoDB, PostgreSQL, RESTful API , Git, cloud computing,AWS, Azure, Google Cloud,Strong communication skills",Remote,Backend Developer,https://in.indeed.com/jobs?q=backend+developer&fromage=1&vjk=0c591799671ff551
Web Developer,darpan mangatrai jewellers,"HTML, CSS, Java, Python, C++, Ruby,design, implementation, testing,","Punjagutta, Hyderabad, Telangana",Full stack Developer,https://in.indeed.com/jobs?q=backend+developer&fromage=1&vjk=8ef84fd6ca019ec0
Full Stack Developer,Greenlab Diamonds,"HTML, CSS, JavaScript, ReactJS, Angular, Node.js, Python, Ruby, Database management, Git, e-commerce platforms,communication skills","Surat, Gujarat",Full stack Developer,https://in.indeed.com/jobs?q=backend+developer&fromage=1&vjk=80cf7c0f5e69e9ad
Machine Learning,Podtech IO,"ML,Python,Git,TensorFlow, PyTorch, scikit-learn","Gurugram, Haryana",ML Engineer,https://podtech.com/career/machine-learning-internship/
Data Control Associate II,FIS Global,"written communication, oral communication, segregation, distribution, balancing, correction, data entry, software packages, computer operation, FIS, support, Data Control Associate I","Gurugram, Haryana",Data control associate,https://careers.fisglobal.com/us/en/job/FIGLUSJR0265938EXTERNAL/Data-Control-Associate-II?utm_source=indeed&utm_medium=phenom-feeds&source=Indeed&sourceType=PREMIUM_POST_SITE
AI ML Data Engineer,NS Global Corporation,"TensorFlow, Keras, Python, scikit-learn, pandas, big datasets, OpenCV, Linux, hardware selection, ML model, latency","Bengaluru, Karnataka",ML Engineer,https://in.indeed.com/jobs?q=data&sc=0kf%3Ajt%28fulltime%29%3B&fromage=1&vjk=9ac180f22b7a800c
Lead - BI Data Analyst,Saltmine,"Data Analysis, task delegation, communication skills, Microsoft Office, Google Suite, Sisense, AWS QuickSight, Google Looker Studio, Power BI","Bengaluru, Karnataka",Data Analytics,https://in.indeed.com/jobs?q=data&sc=0kf%3Ajt%28fulltime%29%3B&fromage=1&vjk=9471ece194565280
Data Scientist Engineer,Harman International,"Communication Skills,data mining , data quality evaluation, data extraction, data transformation, R, Weka, NumPy, MatLab, machine learning techniques, algorithms, k-NN, Naive Bayes, SVM, Decision Forests, data science toolkits, data visualization tools, D3.js, GGplot, query languages, SQL, Hive, Pig, NoSQL databases, MongoDB, Cassandra, HBase, applied statistics,Python , Customer Intelligence, Statistical Model Development, Analytics, Big Data, trends analysis, anomaly detection","Bengaluru, Karnataka",Data Scientist,https://jobs.harman.com/en_US/careers/JobDetail/Data-Scientist-Engineer/19553?jobPipeline=Indeed
Lead Product Engineer - Machine Learning,Sprinkler,"ML,DL, data scientists, reinforcement learning, computer vision, language processing, speech processing, product management, cloud deployment, Kubernetes, Docker containers, , GPT-3, Pathways, Google Bert, Transformer, TensorFlow, Torch, SCM, CI, build processes, testing, operations, Multi-Modal ML, Generative AI,","Gurugram, Haryana",ML Engineer,https://sprinklr.wd1.myworkdayjobs.com/en-US/careers/job/India---Haryana---Gurgaon/Lead-Product-Engineer---Machine-Learning_108492-JOB
Senior Analyst- Global Analytics and Insights,Concentrix,"qualitative data analysis, data collection, data cleansing, data linkage, AI , customer trend analysis, driver identification, metric performance analysis, stakeholder collaboration, data analysis techniques, organizational skills, project management, consulting experience, statistical concepts, communication skills, customer satisfaction analysis, CX data analysis, Six Sigma training, Python, R, SQL proficiency, Power BI, Tableau expertise, speech analytics, text analytics, AI tools, machine learning tools.",Remote,Data Analytics,https://jobs.concentrix.com/global/en/job/CONCGLOBALR1483811EXTERNALENGLOBAL/Senior-Analyst-Global-Analytics-and-Insights?utm_source=indeed&utm_medium=phenom-feeds
Web Designer,AddWeb Solution,"HTML5, CSS3, JavaScript, jQuery, Ajax, Photoshop, Illustrator, mobile device development, W3C standards, backbone.js, Angular.js, React.js, Less, SASS, Grunt, Gulp, client requirement understanding, communication skills, analytical abilities","Ahmedabad, Gujarat",Web designer,https://careers.addwebsolution.com/jobs/Careers/23850000018124156/Web-Designer?source=CareerSite
Frontend Engineer ,Target,"JavaScript, DOM manipulation, JavaScript object model, software development, React.js, Redux, EcmaScript, RESTful APIs, HTML, CSS, nextjs, front-end build pipelines, Babel, Webpack, NPM",Karnataka,Data Analytics,https://target.wd5.myworkdayjobs.com/targetcareers/job/Tower-02-Manyata-Embassy-Business-Park-Racenahali--Nagawara-Villages-Outer-Ring-Rd-Bangalore-540065/Frontend-Engineer---Target-India_R0000333043?utm_source=Indeed(Organic)&utm_medium=Organic&utm_campaign=Feed%7CAll_Locations%7CAll_Roles&source=srm_indeed_org
Applications Developer - Data Science,Wolfram,"Wolfram Language, statistical methods, data analytics techniques, datasets, data manipulation, transformation, data science, AI, machine learning, Python, R, Java, statistics, data analytics",Orissa,Data Scientist,https://www.wolfram.com/company/careers/opportunities/#op-617121-applications-developer-data-science-independent-contractorbhubaneswar-india
Research Analyst,Ipsos Zrt,Research,India,Data Analytics,https://ecqf.fa.em2.oraclecloud.com/hcmUI/CandidateExperience/en/sites/CX_2001/job/1067
Senior Data Engineer,Pathfinder Business Analysis (P) Ltd,"Data Extraction, Data Warehousing , Data Visualization, Data Modeling, Data Structures,database performance, database security, database availability, documentation, database procedures, database upgrade, database backup, database recovery, database migration, server resource profiling, server resource optimization, SQL Server, CSS, HTML, JavaScript, Big Data, ElasticSearch, Elastic Index.","Coimbatore, Tamil Nadu",Data Scientist,https://careers.pathfinderanalysis.com/#!/job-view/sr-software-engineer-coimbatore-tamil-nadu-india-2024022916405962?source=indeed
software engineer,Carelon Healthcare,"Unix,HQL,Scala,Hadoop,Python Flask API,Data engineering,SQL,Micro Services development,Hive,Shell,Bash scripting,NoSQL DBs,Spark,AWS,Python",Bengaluru,Software Engineer,https://www.naukri.com/job-listings-software-engineer-carelon-healthcare-bengaluru-0-to-5-years-050324905088?src=sortby&sid=17106679696661739_1&xp=1&px=1
software engineer,Universal Institute,"Java,Software Developer,Software Engineer,HTML  ,software development,web technologies,software engineering,scratch,backend","Mumbai, Nagpur, Pune",Software Engineer,https://www.naukri.com/job-listings-software-engineer-software-developer-universal-institute-mumbai-nagpur-pune-0-to-5-years-060324910017?src=simjobsjd_rt
software engineer,Welink,"Software Development,System Architecture,Quality Assurance,Java,Php,Python",Bengaluru,Software Engineer,https://www.naukri.com/job-listings-software-developer-engineer-welink-bengaluru-0-to-1-years-070324908308?src=simjobsjd_bottom
software engineer,Global Software Development Company,"Backend Development,Software Development,Frontend Development,html,Python,Java,C++,Css,Node.js",Bengaluru,Software Engineer,https://www.naukri.com/job-listings-software-engineer-harish-k-l-bengaluru-0-to-5-years-040224001230?src=sortby&sid=17106690901495079_1&xp=7&px=1&nignbevent_src=jobsearchDeskGNB
software engineer,Narayan & Devrao Software Technology Llp,"Android ,Application Development,Full Stack,Python,Java,Css,Node,HTML","Pune , Maharashtra",Software Engineer,https://www.naukri.com/narayan-devrao-software-technology-llp-jobs-careers-124126948
java developer,Slingloft Technologies,"Hibernate Framework,Fullstack Development,MySQL,Spring Boot Framework Java Fullstack",Bengaluru,Java Developer,https://www.naukri.com/job-listings-java-developer-slingloft-technologies-bengaluru-0-to-3-years-170324001603?src=cluster&sid=17106690901495079_3&xp=4&px=1&nignbevent_src=jobsearchDeskGNB
java developer,Slingloft Technologies,,Bengaluru,Java Developer,https://www.naukri.com/job-listings-java-developer-slingloft-technologies-bengaluru-0-to-3-years-170324001603?src=jobsearchDesk&sid=17106690901495079&xp=2&px=1&nignbevent_src=jobsearchDeskGNB
Full Stack Developer,Visbecon Technologies,"Java,CSS,Wordpress,Javascript,HTML, FullStack","Bandlaguda , Telangana",Full stack Developer,https://www.naukri.com/job-listings-full-stack-developer-intern-visbecon-technologies-bandlaguda-telangana-0-to-1-years-130324008282?src=sortby&sid=17106689701812403_3&xp=6&px=1&nignbevent_src=jobsearchDeskGNB
java developer,Universal Institute,"CSS,Hadoop,PHP,HTML,Machine Learning,AngularSalesforce,Java,,Devops","Mumbai, Pune",Java Developer,https://www.naukri.com/job-listings-java-developer-universal-institute-mumbai-pune-0-to-5-years-130324905097?src=simjobsjd_bottom
Java Web Developer Internship,Ansoftsys Services,"java 8,Spring Boot,core java,Spring",lucknow,Java Developer,https://www.naukri.com/job-listings-java-web-developer-internship-ansoftsys-services-lucknow-uttar-pradesh-0-to-1-years-140324005846?src=sortby&sid=17106731232092262_1&xp=5&px=1&nignbevent_src=jobsearchDeskGNB
AI/ML intern,Jindal Intellicom,"LLM ,AI, NLP,Machine Learning, Deep Learning ,Text generation ,Conversation AI,Text Analysis,Semantic/Syntax Analysis,Sentiment Analysis,Speech Recognition,Generative AI,Text/Image/Content generation, Computational Linguistic,Text mining",New Delhi,ML Engineer,https://www.naukri.com/job-listings-ai-ml-intern-jindal-intellicom-new-delhi-delhi-0-to-1-years-200224011309?src=sortby&sid=17106731232092262_1&xp=10&px=1&nignbevent_src=jobsearchDeskGNB
Data Science Intern,Pocket Fm,"Data Science,Recommender Systems,Deep Learning",Bengaluru,Data Scientist,https://www.naukri.com/job-listings-data-science-intern-pocket-fm-bengaluru-0-to-1-years-270224012141?src=simjobsjd_rt
IT Service Management Representative,Accenture,"release management,operational support,information technology,service management,itil Framwork,remedy,servicenow,operations,itsm,communication skill,sitil",Bengaluru,IT Manager,https://www.naukri.com/job-listings-it-service-management-representative-accenture-solutions-pvt-ltd-bengaluru-0-to-2-years-170324901635?src=sortby&sid=17106735597361783_1&xp=4&px=1
Application Developer,Accenture,"c,software development,git,net,programming,css,unit testing,sql server,javascript,application development,sql,design pattern,soops software solutions,software development methodologies",Bengaluru,Application Developer,https://www.naukri.com/job-listings-application-developer-accenture-solutions-pvt-ltd-bengaluru-0-to-2-years-170324900116?src=sortby&sid=17106735597361783_1&xp=9&px=1
Software Development,Apzzo,"software trainee,Software Development,Java,CSS,Mobile Development,Ios Development,HTML,Mobile Application Development,fresher engineer,Android,Kotlin",Chennai,Software Engineer,https://www.naukri.com/job-listings-software-trainees-developers-freshers-apzzo-technologies-private-limited-chennai-0-to-1-years-160324006669?src=sortby&sid=17106735597361783_1&xp=11&px=1
software engineer,Narayan & Devrao Software Technology Llp,"Android , Application Development,Full Stack,Python,Java,CSS,Node,Javascript,HTML","Pune , Maharashtra",Software Engineer,https://www.naukri.com/job-listings-software-development-engineer-trainee-narayan-devrao-software-technology-llp-pune-maharashtra-0-to-0-years-160324005746?src=sortby&sid=17106735597361783_1&xp=19&px=1
Ai Developer,Multifacet Softwares Systems,"Cyber Security,Artificial Intelligence,Python Development,Ml,Django,Blockchain,Aiml,DRONE,Machine Learning","Kanpur,Uttar Pradesh",AI Developer,https://www.naukri.com/job-listings-ai-developer-multifacet-softwares-systems-kanpur-uttar-pradesh-0-to-5-years-160324005705?src=sortby&sid=17106735597361783_1&xp=20&px=1
Full Stack Developer,Wonderwhy Solutions,"Reacts Js,Javascript,SQL Database,Node.Js,Web Application Development,MongoDB","Erode, Tamil Nadu",Full stack Developer,https://www.naukri.com/job-listings-full-stack-developer-wonderwhy-solutions-erode-tamil-nadu-0-to-3-years-231023002432?src=sortby&sid=17106735597361783_2&xp=15&px=2
software engineer,Talent Toppers,"CSS,Java Programming,Node.Js,HTML,SQL Coding,Angular,VBA,Javascript,SQL Database,MongoDB,React.Js,SQL Scripting","Noida , UP",Software Engineer,https://www.naukri.com/job-listings-software-engineer-trainee-talent-toppers-llp-noida-uttar-pradesh-0-to-1-years-160324003820?src=sortby&sid=17106735597361783_3&xp=2&px=3
Full Stack Developer (AI),Embedded Llm,"Angularjs,Firebase,Postgresql,Graphql,SQL,Vuejs Framework,Docker,Typescript,SQLite,Flutter,MongoDB,React.Js,Nextjs,Python"," Bengaluru,Karnataka",Full stack Developer,https://www.naukri.com/job-listings-full-stack-developer-ai-embedded-llm-bengaluru-karnataka-0-to-5-years-150324006977?src=sortby&sid=17106735597361783_5&xp=4&px=5
Frontend Developer (React.js),Tech Matpatra Private Limited,"Frontend Technologies,HTML,React.Js,Nextjs,Css And Javascript,Javascript Object Model,Translate Design,JSON Web Token,,Dom Manipulation,Reactjs Workflows","Gurugram,Haryana",Frontend Developer,https://www.naukri.com/job-listings-frontend-developer-react-js-tech-matpatra-private-limited-gurugram-haryana-0-to-2-years-150324006024?src=sortby&sid=17106735597361783_5&xp=7&px=5
Backend Developer,Tech Matpatra Private Limited,"MySQL,Node.Js,MongoDB,Restful Web Api Development,Database Design And Development,GIT,Jwt,authentication and authorization","Gurugram,Haryana",Backend Developer,https://www.naukri.com/job-listings-backend-developer-node-js-mongodb-mysql-tech-matpatra-private-limited-gurugram-haryana-0-to-2-years-150324005079?src=sortby&sid=17106735597361783_5&xp=10&px=5
Hr Recruiter,GTS Global Technology Services Pvt Ltd.,"Java Spring Boot,recur,Consultancy,Hr Rec,Job Posting,Testing Concepts,HR Consulting",Hyderabad( Madhapur ),HR Executive,https://www.naukri.com/job-listings-software-engineer-gts-global-technology-services-pvt-ltd-hyderabad-0-to-3-years-140324006970?src=sortby&sid=17106735597361783_6&xp=16&px=6
Engineer,Freelancer M Bala Krishnan,"Software Development,Software Testing,Java Development,Java Fullstack,Python Development,Network Engineering",Chennai,Software Engineer,https://www.naukri.com/job-listings-engineer-freelancer-m-bala-krishnan-chennai-0-to-5-years-140324006128?src=sortby&sid=17106735597361783_6&xp=20&px=6
Python Trainer & Developer,Wonksknow Technologies,"Java,software,mca,it,btech fresher,python developer,software developer programming",Bengaluru,Python developer,https://www.naukri.com/job-listings-python-trainer-developer-night-shift-and-work-from-home-wonksknow-technologies-bengaluru-0-to-2-years-140324005858?src=sortby&sid=17106735597361783_7&xp=4&px=7
Data Analyst,us tech,"Data Analysis,Data Reporting,Python,SQL","Chennai,Tamil Nadu",Data Analytics,https://www.naukri.com/job-listings-data-analyst-ustech-solutions-chennai-tamil-nadu-0-to-1-years-130324011109?src=sortby&sid=17106735597361783_7&xp=12&px=7
Machine Learning Intern,KS Smart Solutions,"Logistic Regression,Data Analysis,Data Visualization,Random Forests,Data Processing,SVM,Decision Trees,Data Science,Python",Chennai,ML Engineer,https://www.naukri.com/job-listings-machine-learning-intern-ks-smart-solutions-chennai-0-to-1-years-130324909373?src=sortby&sid=17106735597361783_8&xp=1&px=8
Software Trainees,Apzzo,"Java,CSS,Mobile Development,Ios Development,HTML,Mobile Application Development,fresher engineer,Android,Kotlin",Chennai,Software Engineer,https://www.naukri.com/job-listings-software-trainees-developers-freshers-apzzo-technologies-private-limited-chennai-0-to-1-years-160324006669?src=cluster&sid=17106735597361783_9&xp=3&px=1
Data Scientist- Trainee,MNC Client,"Python,Excel Sheet,SQL",Bengaluru,Data Scientist,https://www.naukri.com/job-listings-data-scientist-trainee-junior-at-mnc-talentify-hyderabad-telangana-pune-maharashtra-bangalore-bengaluru-0-to-5-years-160324007065?src=sortby&sid=17106756315368695_1&xp=11&px=1
Software Engineer Trainee,Xtreme Softech,"C#,Net Mvc,MySQL,Javascript,Yii,Html And Css,Laravel,Uipath,Net Development,PHP,Core PHP","Gurugram,Haryana",Software Engineer,https://www.naukri.com/job-listings-software-engineer-trainee-net-and-php-xtreme-softech-gurugram-haryana-0-to-4-years-160324004559?src=sortby&sid=17106756315368695_2&xp=10&px=2
Digital Marketing Executive,Samurai Links,comfortable making decisions on your own.,Delhi,Digital Marketing,https://www.naukri.com/job-listings-digital-marketing-executive-fully-remote-samurai-links-delhi-ncr-0-to-5-years-170324001936?src=sortby&sid=17106764661092129_1&xp=2&px=1
Digital Marketing Intern,Airvin Skills,"Social Media ,Content Marketing,Link Building,Search Engine,Search Engine Marketing,Social Media,Social Media Marketing,Social Media Optimizatio"," Pune,Maharashtra",Digital Marketing,https://www.naukri.com/job-listings-digital-marketing-intern-airvin-skills-hyderabad-telangana-pune-maharashtra-bengaluru-0-to-0-years-160324006662?src=sortby&sid=17106764661092129_1&xp=3&px=1
HR Generalist,Career Factory,"voice,Sr. HR,HR Generalist,administration,non-voice,back,office,trainee","Mumbai,Maharashtra",HR Executive,https://www.naukri.com/job-listings-hr-generalist-hr-executive-hr-assistant-trainee-details-xlhr-in-hr-career-factory-mumbai-maharashtra-mumbai-suburban-maharashtra-navi-mumbai-maharashtra-0-to-5-years-110124009109?src=sortby&sid=17106773358302978_3&xp=1&px=2
HR Executive,Intellect Bizware Services,"HR Generalist Activities,HR Operations"," Mumbai,Maharashtra",HR Executive,https://www.naukri.com/job-listings-hr-executive-intellect-bizware-services-navi-mumbai-maharashtra-0-to-2-years-150324011546?src=simjobsjd_bottom
HR Executive,Career Factory,"voice,Sr. HR,HR Generalist,administration,non-voice,back,office,trainee","Shimla,Himachal Pradesh",HR Executive,https://www.naukri.com/job-listings-hr-executive-hr-generalist-hr-assistant-trainee-details-xlhr-in-e-career-factory-hamirpur-himachal-pradesh-dharmasala-himachal-pradesh-shimla-himachal-pradesh-0-to-5-years-030324001849?src=sortby&sid=17106773358302978_3&xp=7&px=2
HR Executive,Career Factory,"voice,Sr. HR,HR Generalist,administration,non-voice,back,office,trainee","Noida,Uttar Pradesh",HR Executive,https://www.naukri.com/job-listings-hr-generalist-hr-executive-hr-assistant-trainee-details-xlhr-in-e-career-factory-noida-uttar-pradesh-ghaziabad-uttar-pradesh-greater-noida-uttar-pradesh-0-to-5-years-030324001795?src=sortby&sid=17106773358302978_3&xp=10&px=2
HR Generalist,Career Factory,"voice,Sr. HR,HR Generalist,administration,non-voice,back,office,trainee","Vadodara,Gujarat",HR Executive,https://www.naukri.com/job-listings-hr-generalist-hr-executive-hr-assistant-trainee-details-xlhr-in-e-career-factory-gandhinagar-gujarat-ahmedabad-vadodara-gujarat-0-to-5-years-030324001784?src=sortby&sid=17106773358302978_3&xp=11&px=2
HR Generalist,Career Factory,"Voice,Sr. HR,HR Generalist,administration,non-voice,back,office,trainee",Bengaluru,HR Executive,https://www.naukri.com/job-listings-hr-generalist-hr-executive-hr-assistant-trainee-details-xlhr-in-e-career-factory-hubli-karnataka-mangaluru-karnataka-bengaluru-karnataka-0-to-5-years-030324001800?src=sortby&sid=17106773358302978_3&xp=12&px=2
Database Developer,Dbrainhouse,"Query Tuning,SQL Development,Database Design,SQL Database,Performance Tuning,SQL DBA","Ahmedabad( Maninagar, Ghodasar )",Database Developer,https://www.naukri.com/job-listings-database-developer-exp-0-3-years-dbrainhouse-ahmedabad-0-to-3-years-180324005239?src=sortby&sid=17107586367993499_1&xp=1&px=1&nignbevent_src=jobsearchDeskGNB
AI Trainee,ZenCorp Techno Solutions(ZCTS),"Pytorch,Java,frontend development,Vue.js,CSS,AI/ML,HTML,React,python",Coimbatore,AI Developer,https://www.naukri.com/job-listings-freshers-ai-trainee-zcts-coimbatore-0-to-1-years-180324903491?src=sortby&sid=17107586367993499_1&xp=4&px=1&nignbevent_src=jobsearchDeskGNB
Full Stack Developer,Almetric Consultancy Service,"Application Programming,IT,javascript,Software Development,Ecma,Docker,MySQL,UI Development,Web Development","Kolkata,West Bengal",Full stack Developer,https://www.naukri.com/job-listings-full-stack-react-node-developer-almetric-consultancy-service-kolkata-west-bengal-0-to-3-years-170823005552?src=sortby&sid=17107586367993499_1&xp=6&px=1&nignbevent_src=jobsearchDeskGNB
Software Engineer,Global Software Development Company,"Backend Development,Software Development,Frontend Development,Application Programming,UI Development",Bengaluru,Software Engineer,https://www.naukri.com/job-listings-software-engineer-harish-k-l-bengaluru-0-to-5-years-040224001230?src=sortby&sid=17107596814217191_1&xp=2&px=1&nignbevent_src=jobsearchDeskGNB
Software Engineer,Nexpro247,"Backend Development , Software Development , Frontrnd Development , Application Programming,UI Development","Hyderabad, Bengaluru,Delhi",Software Engineer,https://www.naukri.com/job-listings-software-engineer-nexpro247-hyderabad-telangana-bengaluru-karnataka-delhi-ncr-0-to-5-years-180324002398?src=sortby&sid=17107596814217191_1&xp=7&px=1&nignbevent_src=jobsearchDeskGNB
SQL Database Developer,Malay Infotech,"MS SQL,RDBMS,T SQL",Ahmedabad,Database Developer,https://www.naukri.com/job-listings-sql-database-developer-malay-infotech-pvt-ltd-ahmedabad-0-to-3-years-180324900895?src=sortby&sid=17107596814217191_1&xp=10&px=1&nignbevent_src=jobsearchDeskGNB
Database Developer,Dbrainhouse,"Query Tuning,SQL Development,Database Design,SQL Database,Performance Tuning,SQL DBA",Ahmedabad,Database Developer,https://www.naukri.com/job-listings-database-developer-exp-0-3-years-dbrainhouse-ahmedabad-0-to-3-years-180324005239?src=cluster&sid=17107596814217191_2&xp=1&px=1&nignbevent_src=jobsearchDeskGNB
Business Analyst,Techgimini,"Data Mining,Machine Learning,MATLAB,microsoft excel,Critical Thinking,ERP,SDLC Life Cycle,SQL Database,Prototyping,Python","Pune, Bengaluru,Mumbai",Business Analyst,https://www.naukri.com/job-listings-business-analyst-data-analyst-passing-out-from-year-2022-techgimini-pune-maharashtra-bengaluru-mumbai-all-areas-0-to-1-years-180324002406?src=cluster&sid=17107596814217191_13&xp=1&px=1&nignbevent_src=jobsearchDeskGNB
Net Developer,CLA Global Indus Value Consulting,"Web Api,Programming,Net Development,MVC,Database Development","Noida,Uttar Pradesh",Net Developer,https://www.naukri.com/job-listings-dot-net-developer-cla-global-indus-value-consulting-noida-uttar-pradesh-0-to-1-years-180324003341?src=cluster&sid=17107596814217191_15&xp=1&px=1&nignbevent_src=jobsearchDeskGNB
Fullstack Developer,Hikip,Vue.Js,"Chennai,Tamil Nadu",Full stack Developer,https://www.naukri.com/job-listings-fullstack-developer-hikip-chennai-tamil-nadu-0-to-2-years-180324005172?src=sortby&sid=17107610853621105_5&xp=3&px=1&nignbevent_src=jobsearchDeskGNB
Software Developer,Brightpath Technology & Services,Java,Bengaluru,Software Engineer,https://www.naukri.com/job-listings-fresher-software-developer-brightpath-technology-services-bangalore-bengaluru-0-to-1-years-140122000302?src=sortby&sid=17107610853621105_5&xp=19&px=1&nignbevent_src=jobsearchDeskGNB
Software Developer,Nokia,"Relevant experience (1-2 years), graduate degree, software development lifecycle, testing processes, automation scripting languages (TCL, Python).",Chennai,Software Engineer,https://unstop.com/jobs/technical-lead-nokia-930405
Senior Analyst,Birlasoft,"experience Desktop/Technical Support Engineer. Proficient in Windows/Linux/Mac OS. Skilled in office automation, peripherals, network security, and troubleshooting. Customer-centric.",Navi Mumbai,Data Analytics,https://unstop.com/jobs/senior-analyst-birlasoft-931251
Senior Analyst,Diebold Nixdorf India Pvt. Ltd.,"Experience as Desktop/Technical Support Engineer, Proficient in Windows, Linux, Mac OS, Skilled in office automation, peripherals, network security, remote troubleshooting, problem-solving, multitasking, and customer-centricity.",Hyderabad,Data Analytics,https://unstop.com/jobs/business-intelligence-analyst-sap-hana-power-bi-diebold-nixdorf-india-pvt-ltd-932414
Senior Analyst,Birlasoft,"Experience as Desktop/Technical Support Engineer, Proficient in Windows, Linux, Mac OS, Skilled in office automation, peripherals, network security, remote troubleshooting, problem-solving, multitasking, and customer-centricity.",Navi Mumbai,Data Analytics,https://unstop.com/jobs/senior-analyst-birlasoft-931251
Data Scientist ,TVS Motor Company,"BE/ME in Engineering or equivalent, computer vision, implementing computer vision algorithms, deep learning expertise, proficiency in frameworks, solid problem-solving skills.",Karnataka,Data Scientist,https://unstop.com/jobs/data-scientist-i-tvs-motor-company-930203
Data Engineer,TVS Motor Company," RDBMS, Big Data, NOSQL, ETL, and Data Warehousing. Mandatory skills in Python/R, SQL, with preferred expertise in AWS technologies and cloud services.",Karnataka,Data Scientist,https://unstop.com/jobs/associate-data-engineer-tvs-motor-company-930215
Web Developer,OptimHire ,"React.js, JavaScript, Redux, HTML, CSS, Bachelor's degree in computer science, information technology",Delhi,Full stack Developer,https://internshala.com/internships/web-development-internship/ppo-true/
App Developer,Incube,"JavaScript, React, Angular, Vue.js, HTML5, CSS3, problem-solving, teamwork","Gurgaon, India",Application Developer,https://internshala.com/internship/detail/flutter-development-internship-in-gurgaon-at-incube1710492565
Web Developer,Kenmark ITan Solutions,"JavaScript, Node.js, Express, asynchronous programming, server-side templating, CSS preprocessors, HTML5, CSS3, accessibility, security compliance, user authentication, authorization, data integration, Git, REST API","Mumbai, India",Full stack Developer,https://internshala.com/internship/detail/nodejs-development-internship-in-mumbai-at-kenmark-itan-solutions1710571445
Web Developer,Aeonaxy Technologies Private Limited,"HTML, CSS, JavaScript, React, Angular, Vue.js, Node.js, Express.js, Django, databases, SQL, problem-solving, teamwork, independent work, enrolled in relevant program","Gurgaon, India",Full stack Developer,https://internshala.com/internship/detail/work-from-home-part-time-web-development-internship-at-aeonaxy-technologies-private-limited1710591864
Web Developer,Ayurveda House Private Limited,"Django, Data Structures, APIs, user interface (UI) development, Python, REST API",Delhi,Full stack Developer,https://internshala.com/internship/detail/django-development-internship-in-delhi-at-ayurveda-house-private-limited1710577955
Web Developer,Kenmark ITan Solutions,"JavaScript, Node.js, Express, asynchronous programming, server-side templating, CSS preprocessors, HTML5, CSS3, accessibility, security compliance, user authentication, authorization, integration of multiple data sources, databases, Git, Express.js, MySQL, REST API","Mumbai, India",Full stack Developer,https://internshala.com/internship/detail/nodejs-development-internship-in-mumbai-at-kenmark-itan-solutions1710571445
Web Developer,Aeonaxy Technologies Private Limited,"WordPress development, theme development, plugin development, HTML, CSS, JavaScript, PHP, responsive design principles, web standards, accessibility best practices, teamwork, independent work, enrolled in relevant program, HTML&CSS, Node.js, React, WordPress","Gurgaon, India",Full stack Developer,https://internshala.com/internship/detail/work-from-home-part-time-wordpress-development-internship-at-aeonaxy-technologies-private-limited1710565580
Blockchain Developer,Buddha Education Association Incorporation,"Blockchain, C++, Ethereum, Hyperledger, Java, JavaScript, Node.js, Python, ReactJS","Gurgaon, India",Blockchain Developer,https://internshala.com/internship/detail/work-from-home-blockchain-development-internship-at-buddha-education-association-incorporation1710511518
Web Developer,SuperiorCodelabs,"Node.js, React.js, technical training, MySQL queries, task tracking, HTML, JavaScript, REST API",Bangalore,Full stack Developer,https://internshala.com/internship/detail/nodejs-development-internship-in-bangalore-at-superiorcodelabs1710411824
App Developer,Celebrare,"Flutter, iOS, Android, collaboration, testing, performance optimization, Flutter, Dart, Firebase","Ajmer, India",Application Developer,https://internshala.com/internship/detail/work-from-home-flutter-development-internship-at-celebrare1710647045
App Developer,Lohitech Solutions,"game level designing, game development, bug fixing, Unity, Android, Java, Unity 3D","Nagaon, India",Application Developer,https://internshala.com/internship/detail/work-from-home-part-time-android-app-development-internship-at-lohitech-solutions1710598947
App Developer,Tan Tiny Twists Dzigns,"Swift, Xcode, iOS, debugging, testing, iOS app development, collaboration, code reviews","Mumbai, India",Application Developer,https://internshala.com/internship/detail/work-from-home-ios-app-development-internship-at-tan-tiny-twists-dzigns1710547338
Web Developer,Sketch Brahma Technologies,"web application development, React, JavaScript, ES6, CSS3, React Native, Redux, complex feature development, RESTful APIs, Git, NPM, data structures, Ajax, CRUD operations, web development practices, English skills",Bengaluru,Full stack Developer,https://unstop.com/jobs/reactjs-developer-sketch-brahma-technologies-933191
Software Developer,Serv Armada Infotech,"Dot Net Windows Application, design, code, test, software applications, C#, VB.NET, SQL Server, Visual Studio, IDE, system enhancement, performance evaluation, software maintenance, new technology investigation, client consultation, application customization, debugging, bug testing, performance testing, standard guidelines adherence, .NET framework, relational database systems, MS SQL databases",Chennai,Software Engineer,https://unstop.com/jobs/dot-net-windows-application-developer-serv-armadainfotech-pvt-ltd-932881
Data Scientist ,Rancho Labs,"Bachelor's degree, robotics, engineering, education, related field, robotics principles, mechanics, electronics, programming, communication skills, teaching skills, lesson plans, robotics software, hardware, passion for inspiring students",Delhi,Data Scientist,https://unstop.com/jobs/robotics-instructor-rancho-labs-932793
Software Developer,Serv Armada Infotech,"Software Sales Executive, prospecting, customer presentations, inquiry handling, sales process management, negotiation, product training, sales targets achievement, communication skills, email proficiency",Chennai,Software Engineer,https://unstop.com/competitions/933082/register
DevOps Engineer,Phenom Placement,"DevOps concepts, Salt, Ansible, Terraform, scripting languages, Bash, Python, CI/CD tools, Jenkins, version control systems, Git, Bitbucket, GNU/Linux, Unix-like operating systems, DevSecOps security practices, observability tools, LGTM, ELK stack, containerization technologies, Kubernetes, Docker, public clouds, AWS, Azure, networking, security concepts",Hyderabad,DevOps Engineer,https://unstop.com/jobs/devops-engineer-phenom-placement-930374
Web Developer,Hiring Hood,"web development experience, LAMP stack, PHP, MySQL, Laravel, CodeIgniter, web technologies, RESTful API development, database management, Git, Linux server administration, front-end technologies, debugging skills, collaboration, best practices adherence, proactive adaptation to new technologies",Kolkata,Full stack Developer,https://unstop.com/competitions/933104/register
Data Analyst,Infinity Magazine,"Web Scraping Analyst, data extraction, data organization, trend identification, collaboration with editorial team, process automation, insights presentation, staying updated on techniques, detail-oriented, impactful data analysis",Bangalore,Data Analytics,https://internshala.com/internship/detail/work-from-home-web-scraping-analytics-internship-at-infinity-magazine1710564015?referral=company_pages
Data Analyst,Pawzz,"UI Development Intern, user-friendly interfaces, Pawzz dashboard, collaboration with design team, seamless user experiences, organizational goals alignment, dashboard performance analysis, UI trends, best practices, passion for UI development, dynamic setting, personal growth.","Gurgaon, India",Data Analytics,https://internshala.com/internship/detail/work-from-home-internshala-dashboard-management-internship-at-pawzz1710322231
App Developer,Hyperspace Consulting (madoversocial.com),"Flutter Developer, 2-3 years experience, mobile and web applications portfolio, Dart programming language, Flutter framework, RESTful APIs, third-party integrations, software development life cycle, agile methodologies, problem-solving skills, communication skills, remote work proficiency, proactive attitude, emerging technologies awareness.",Hyderabad,Application Developer,https://unstop.com/internships/freelance-flutter-development-internship-hyperspace-consulting-madoversocialcom-931153
Machine Learning Engineer,KukBit SL,"Bachelor’s degree, Computer Science, Mathematics, Statistics, related field, programming languages, Python, R, SQL, machine learning algorithms, problem-solving skills, analytical skills, communication skills, interpersonal abilities, commitment to staying updated on machine learning technologies and trends.","Gurgaon, India",ML Engineer,https://unstop.com/competitions/926926/register
App Developer,Emoolar Technology Private Limited,"Interns, collaborate with development team, mobile applications, Flutter framework, troubleshooting, debugging, optimization, code reviews, constructive feedback, trends, best practices, mobile app development, cross-functional teams, software solutions, mobile development best practices, continuous improvement, team processes, technologies.","Gurgaon, India",Application Developer,https://unstop.com/competitions/926044/register
DevOps Engineer,AdFolks,"Public Clouds (AWS, Azure, Google Cloud Platform), service configuration (Apache, Nginx, MySQL, PHP), Linux servers, Virtualization, Containerization, Linux scripting languages (Python, Perl, Bash), communication skills.","Gurgaon, India",DevOps Engineer,https://unstop.com/internships/cloud-support-engineer-internship-adfolks-925854
Data Analyst,"Mavic Pte Ltd (Singapore, Singapore)","Internship, web research, advertising and content data, data entry tasks, content creation, marketing efforts, Generative AI tools, ChatGPT, British English proficiency, data analysis, digital advertising, social media marketing, English proficiency, MS-Excel skills.",Singapore,Data Analytics,https://internshala.com/internship/detail/work-from-home-data-analytics-internship-at-mavic-pte-ltd1710479936
App Developer,TradeBrain,"Mobile Application Developer (Flutter), reporting to team lead, collaboration with internal teams, functional mobile applications development, fast-paced environment.",India,Application Developer,https://www.freshersworld.com/jobs/company/trade-brains-2195823
Web Developer,AICAN,"Full Stack Development, Scalable Software Solutions, Software Development Life Cycle, Front-end Development, Back-end Development, Coding Languages, Development Frameworks, Third-party Libraries, Visual Design, Team Player.","Mumbai, India",Full stack Developer,https://cuvette.tech/app/public/job/65f55090df09a73ce0f5724c
Web Developer,Starlly,"Software Development Lifecycle, Estimating, Technical Design, Application Implementation, Python/Django, Front-end Experience, Detailed Specifications, Database Proficiency (Postgres, MongoDB), Collaboration, JavaScript Frameworks jQuery, Angular, React.",Bangalore,Full stack Developer,https://cuvette.tech/app/public/job/65f417815d35903322b8d5e7
Web Developer,Zykrr Technologies Pvt. Ltd.,"Software design, test-driven development, Node.js, ReactJS, Git, quick learning, communication, resourcefulness, troubleshooting, attention to detail.","Gurugram, India",Full stack Developer,https://cuvette.tech/app/public/job/65f027eb634239e3b64d8bba
Web Developer,nitializ labs pvt. ltd.,"Bachelor's degree, frontend development, React, HTML, CSS, JavaScript, React Native, Redux Architecture, responsive web design principles, cross-browser compatibility, problem-solving, communication, Docker, Kubernetes, micro-service architectures.",India,Full stack Developer,https://cuvette.tech/app/public/job/65e71a0698940da3e3a44874
Backend Developer,Activant Solutions Pvt. Ltd.,"Strong logical skills, Node.js, React.js, Next.js, MongoDB, HTML, JavaScript, CSS, Shopify store customization, Shopify App development, BigCommerce App development, PHP web frameworks, Laravel, Yii, SQL, NoSQL databases, AWS setup, notice period, immediate joining, commitment.","Jaipur, India",Backend Developer,https://cuvette.tech/app/public/job/65eff7d9cd1806a6cd32de26
Backend Developer,Delente Technologies,"Backend, PHP, Laravel framework, MongoDB, MySQL, AWS, Git, GitHub, REST API.","Gurugram, India",Backend Developer,https://cuvette.tech/app/public/job/65ea2c0722644ce05b8af32c
Support Engineer,Foundation AI,"Customer Support, Technical Support, Analytical Skills, Problem-solving, Adaptability, Organization, Detail-oriented, Cross-functional Collaboration.",Hyderabad,Support Engineer,https://cuvette.tech/app/public/job/65e86de5dcf914381c73a57b
Data Analyst,Upper Crust Foods Pvt Ltd,"Graduation Degree, Administrative Support, MS Office Suite, Prioritization, Deadline Management, Problem-solving, Decision-making, Communication Skills.","Mumbai, India",Data Analytics,https://cuvette.tech/app/public/job/65f3e62ab400bcea805b1916
Data Analyst,Origin,"Bachelor's Degree, Master's Degree, Quantitative Field, Analytical Skills, Excel, Google Sheets, Statistical Understanding, Data Visualization Tools, Communication Skills, Teamwork, Time Management.","Bangalore, India",Data Analytics,https://cuvette.tech/app/public/internship/65f2cc57db04840c149724f3
Data Analyst,Super Scholar,"Graduates, Relocation, Mumbai, Delhi NCR, English Communication Skills, Excel, Google Sheets, Training, Corporate Office, Top Management, Career Growth, Above-market CTC, Systems Creation, Data Collection, Data Management, Data Analysis, Backend Operations.","Mumbai, India",Data Analytics,https://cuvette.tech/app/public/job/65e576aa5bc1c8f2afc23ba2
Frontend Developer,Buzzli ,"Remote Position, MERN Stack, OpenAI APIs, LinkedIn APIs, HTML, CSS, JavaScript, JSON, React, Web App Development, Third-party APIs, Clean Code, Organized Code, Efficient Code.",Delhi,Frontend Developer,https://cuvette.tech/app/public/internship/65f580c5df09a73ce003551b
Backend Developer,ContractKen,"Backend Development, UI/UX Design, Product Design, Enterprise Software Development, Complex Product Development, User Experience (UX), User Interface (UI), Backend Versatility, Startup Experience.","Bangalore, India",Backend Developer,https://cuvette.tech/app/public/job/65e0948c831cf2ba54611efe
Frontend Developer,Adwaita Educare,"Operating Systems (Windows, Linux, Mac OS), Office Automation, Peripherals, Network Security, Remote Troubleshooting, Problem-Solving, Multitasking, Customer-Centricity.","Aurangabad, India",Frontend Developer,https://cuvette.tech/app/public/internship/65f5b1c0cccedea6c4d4c270
App Developer,HealthFlex,"Flutter Development, Cross-Platform Development, Mobile Application Features, App Building, Code Writing, Technical Problem Solving, Full Ownership of App Development.","Bangalore, India",Application Developer,https://cuvette.tech/app/public/job/65e1d0e296fbd2b3e21e6340
Web Developer,BBT Toppers Technologies,"IT Jobs, HTML,CSS , javascript ,Training Program, Offline Induction Training, Live Project Training, Soft Skills Development, Corporate Ethics, Resume Building, Placement Support, Globally Recognized Certificates, Hiring Clients, Resume Submission.",Chennai,Full stack Developer,https://www.shine.com/jobs/full-stack-developer-induction-program-permanent/bbt-toppers-technologies/13728729
Web Developer,Renuka EnterPrises,"Web Developer, Website Design, Website Development, Collaboration, Teamwork, JavaScript, HTML, CSS, Application Programming.",Bangalore,Full stack Developer,https://www.shine.com/jobs/hiring-for-web-developer-permanent/renuka-interprises/14357513
Web Developer,Aniaaz EnterPrises,"WordPress Development, HTML, CSS, JavaScript, PHP, WordPress Page Builders, Elementor, Beaver Builder, Theme Customization, Plugin Development, Cross-Browser Compatibility, Website Optimization, Responsive Design.",Bangalore,Full stack Developer,https://www.shine.com/jobs/freelance-web-designer-internship/aniaaz-consulting-private-limited/14431552
Software Developer,Starwiz HR Solutions,"Java, Android, Web Development, Software Development, Networking, Web Designing, PHP, SEO Digital Marketing, Industrial Training, Internships, Job Placements.",Noida India,Software Engineer,https://www.shine.com/jobs/urgent-hiring-php-laravelweb-designgraphicsword-pressreact-jsangularnode-permanent/guidance-placement/14476276
Software Developer,Amazon SDE_II,"Software Development, Problem-solving, Data Structures, Algorithms, Object-oriented Programming, System Design, Scalability, Design Patterns, Coding Proficiency, Analytical Skills, Team Collaboration.",Hyderabad,Software Engineer,https://cutshort.io/job/SDE-2-Bengaluru-Bangalore-Hyderabad-Noida-gurugram-Mumbai-Pune-NCR-Delhi-Gurgaon-Noida-Amazon-India-0j7Leliz?utm_campaign=google_jobs_apply&utm_source=google_jobs_apply&utm_medium=organic
Data Analyst,Tata Consultancy Services ,"SQL,Python,Cloud,Dataanalysis ,Power BI, Tableau,statistics","Chennai, Tamil Nadu, India",Data Analytics,https://www.linkedin.com/jobs/view/3834836982/?alternateChannel=search&refId=OMgHQuF7nCwvyi1%2FecFPPg%3D%3D&trackingId=EYV1Roe9gbzUe4kF950DLQ%3D%3D
Developer,Wipro ,"Software Development,Software Validation,Microsoft Sql Server,Flow charts","Bengaluru, Karnataka, India",Software Engineer,https://www.linkedin.com/jobs/search/?currentJobId=3677863405&f_F=it&f_I=2458%2C96&f_JT=F&f_T=9%2C25201%2C1547&f_TPR=r604800&origin=JOB_SEARCH_PAGE_JOB_FILTER&sortBy=R
Senior Data Analyst,Decathlon Sports India ,"Python, SQL,Amazon Web Services (AWS),Tableau, data   analysis","Bengaluru North, Karnataka, India",Data Analytics,https://www.linkedin.com/jobs/view/3852922205/?alternateChannel=search&refId=xiE49DIDH06BasLp4OGgIg%3D%3D&trackingId=CKPD1sX4T8spmYSXbXC2aQ%3D%3D
Data Engineer,YASH Technologies,"MySQL,PySpark,Python, Amazon Web Services (AWS)","Indore, Madhya Pradesh, India",Data Scientist,https://www.linkedin.com/jobs/search/?currentJobId=3842143385&keywords=data%20engineer&origin=JOB_COLLECTION_PAGE_KEYWORD_AUTOCOMPLETE&refresh=true
Data Engineer,Microsoft ,"Analytics, Big Data,Data Engineering,Databases,Data Visualization, Data Science,  Data Pipelines","Hyderabad, Telangana, India",Data Scientist,https://www.linkedin.com/jobs/search/?currentJobId=3848284905&distance=25.0&geoId=102713980&keywords=data%20engineer&origin=HISTORY
Senior Java Developer,PureSoftware Ltd,"Core Java, Java, Microservices, NoSQL, REST APIs,Reactive Programming,Spring Boot",India,Application Developer,https://www.linkedin.com/jobs/search/?currentJobId=3856431975&geoId=102713980&keywords=devloper%20software&location=India&origin=JOB_SEARCH_PAGE_SEARCH_BUTTON&refresh=true
Asp .NET Full stack Developer,LTIMindtree,"ASP.NET, Amazon Web Services (AWS), and React.js","Bangalore Urban, Karnataka, India ",Full stack Developer,https://www.linkedin.com/jobs/view/3840718602/?alternateChannel=search&refId=6X6KagnOXR01%2Fr9SFrbWQw%3D%3D&trackingId=%2F2Rs29JBC22RfQNygGo8Rw%3D%3D
Back End Developer,TripFactory.com,"Hibernate, JSP, JQeury , HTML, CSS, Javascript, Java, Data structure and Algorithms, SQL"," Bengaluru, Karnataka, India",Backend Developer,https://www.linkedin.com/jobs/collections/similar-jobs/?currentJobId=3856389447&eBP=CwEAAAGOWlMus6_S_kpWh7d2WBNrslC7GpMxmd_G_Onlvtr7xpG7HnyPA7YYAuF4svoOwtHkPltedSmWzH-CFPbbm6SaBZY33D8U3sK3bWjoWS-XCBR4gZSvtTz92OJsQl6i43C-eQGxRR_6mjLxIXpe1COeV0KLsWGstbDm7wfEndnvHbzYAemdEdnv14Y1Aefk2bYxvkWURVw1xHWHJ9rc9gvWOvEaUd65L_d-go1BbD5KZwAxdtlrZSGguzS5Mn_sx1GGOLMv2LLiHxM1NtM0-HMsGQS5nzI373H7aPEU4oK_8k_yRdCCwWIguZ1X7sDU-BFDnEj-nG5_m6_-yknic2Fs56whBIM6Ulsy45IPHazkKZUdDOvPk2EiuDe_McT24MJApWR0wq-tCbe0i_cFtgYw1g&originToLandingJobPostings=3856389447&refId=JA68RvqtQKid2kjd5l4gow%3D%3D&referenceJobId=3852782283&trackingId=nUA4X9PkevbduIMPcb2KCA%3D%3D
Python Developer,Tata Consultancy Services,"Python, PHP, MySQL, NoSQL, UNIX, ,Linux, Django, React, HTML, CSS, XML, JavaScript, jQuery, JSON,Apache,APIs","Chennai, Tamil Nadu, India ",Python developer,https://www.linkedin.com/jobs/collections/similar-jobs/?currentJobId=3857695497&eBP=CwEAAAGOWlMus5dpN8SCwtlUnrtv-HyuRWoOXiuFw_Obgex63RomMtVpI1WvndaEGHqi50wDVt2HSIDvAJkso7Wpuvabgrvc2UptaML0Y9gft4jCDdlpoatw-NI4zcSfGRLlrG2-pFYNjjjeWeR1e7KLH76_TxCs3_bY0Wy0S93eR1oCAfD2JJnw-_ySRSXM2SwKMTXjkKho2tgPMuFt_wTl74Lx9jXRRMcFpRJfKsk2TV7lCM2YdcCkY5CZhF0hSgZy3UPFZxezbbpME0AfauJScbmsPt3VeguCpMkqnPp1lj0j0pROeK_Jb3lGIS-vGTIi9ACy6XE7agLJufuaU1iLXHtvVjaoa94v42b1Lvt3_GYbuEQ&originToLandingJobPostings=3857695497&refId=JA68RvqtQKid2kjd5l4gow%3D%3D&referenceJobId=3852782283&trackingId=Uou6R%2FuLTnO3Vk6%2BCzi1zQ%3D%3D
System Engineer,Samsung Electronics,"C, C++, Linux device drivers,Embedded Systems,"," Noida, Uttar Pradesh, India ",System Engineer,https://www.linkedin.com/jobs/collections/similar-jobs/?currentJobId=3853001700&eBP=CwEAAAGOWljGIThyt1KNsCNNa8xLEwYtWaqYoqrZEr1KHDYMWazTpLzKcETNCji3VO9k1SqSrGyfwNIrGScXo8EsG2WdJ5YUiaIjL6-8fft0wNmpCy7lP79zO3Zo50B6hlw8L7jFfqgbfMiWr03lwhMcRK-jmqQ2h2qOIIm1WyqQwOwAHiID_XLNi2gAlKiBz2yeGKsHq0Vj99ufTjl6Mp_grEHO0WHHPMr069sVjfQB0iSeCRayP46eS8Ls9Ras8QLtJlPdPXXvNcebXuTdQ89_Yus2_D6hjaQNS_CWwnNcd4YNzv13pt7TCdeoTG40pNd3jyZwS7MOAvlzjznyRhBEq9RHod6LF-_CmlLpBBL1SRks2WhLZ8lf&refId=V%2B0fzS5908%2BFKMB0p3u29g%3D%3D&referenceJobId=3852782283&trackingId=JqQpN3%2Fb3j5lpVV%2BCErsag%3D%3D
DevOps Engineer,Intellect Design Arena Ltd ,"Amazon Web Services (AWS), Kubernetes, communication skills,DevOps Engineer","Chennai, Tamil Nadu, India ",DevOps Engineer,https://www.linkedin.com/jobs/search/?currentJobId=3863710101&f_F=it%2Ceng&f_I=96%2C4&f_JT=F%2CP&f_T=9%2C10738&f_TPR=r86400&origin=JOB_SEARCH_PAGE_JOB_FILTER&sortBy=R
Software Engineer,L&T Technology Services ,"SAP ERP,Data Management & Reporting, communication skills, Aveva MES","Pune, Maharashtra, India ",Software Engineer,https://www.linkedin.com/jobs/collections/similar-jobs/?currentJobId=3852475270&eBP=CwEAAAGOWqPabwdEz47g82A7TbaaRfZC37QtBI9oo3o7PDQwK4X8wEcvYKP97z63n5AQMaNVeipDcWtFa0HCLT2jEqJQm5dHVOzXvH25jQ6L6gYPTlMIJ3vGKuncjYGnHwcH4fK-8XTea5j1ZpfQ6Q5lXhDLeThfUwb6FZ4b-JzEoZQ5YGZtDpOPgZ_1iArJqCspFovgCRDVDcvWZ9w5b6XpnfiADhIKacVp6jxtEedpiBRkmx8CDYk2P-uoSQh5tAiwCP58r9jzVYG3KA0wvK6ZAf8Cv6F4IE6hxYKOPUp3aRQ8W5PdVKxyZvG3ixkJi_Sgiwi0_bNCVSMkPr9nNImoVzIL98ZvwF6RL36U8xh7M57_ReeMUbC6&refId=uQ8%2BPkUecMlcb8gILM%2BAUg%3D%3D&referenceJobId=3852782283&trackingId=KspePnnirXRKLKQSmB0neg%3D%3D
Data Architect / Senior Data Architect,tsworks ,"Azure Cloud,AWS, SQL,Big Data, Cloud Computing, Data Architecture,Data Warehousing,Data Modeling, Service-Oriented Architecture (SOA)","Bengaluru, Karnataka, India ·",Data Scientist,https://www.linkedin.com/jobs/search/?currentJobId=3863207623&origin=JOBS_HOME_JYMBII
Data Scientist,Samatrix Consulting Private Limited,"Analytics, Cascading Style Sheets (CSS), Data Analytics, Statistical Data Analysis,Natural Language Processing (NLP),Deep Learning,Predictive Analytics, Data Visualisation","Gurugram, Haryana, India",Data Scientist,https://www.linkedin.com/jobs/search/?currentJobId=3857484466&start=25
Technical Sales Engineer,NMTronics India Pvt. Ltd.," Incoterms, Sales, and Technical Sales,Engineering","Noida, Uttar Pradesh, India",Sales Engineer,https://www.linkedin.com/jobs/search/?currentJobId=3859999438
Remote Python Data Scientist,Turing,"Python (Programming Language),Predictive Analytics ,Data Science,Data Analytics,English",India,Data Scientist,https://www.linkedin.com/jobs/search/?currentJobId=3818410772&keywords=data%20scientist&origin=SWITCH_SEARCH_VERTICAL
Data Scientist,Deloitte,"Data Science,Deep Learning,Generative AI,Large Language Models (LLM),Machine Learning,Natural Language Processing (NLP), Neural Networks","Mumbai, Maharashtra, India",Data Scientist,https://www.linkedin.com/jobs/view/3745329493/?alternateChannel=search&refId=%2BacqBjq40k7fXUtFOpO09g%3D%3D&trackingId=yXsYqanZ4AUXir23Xtma0w%3D%3D
Data Scientist,Snap Inc.,"Big Data,Data Mining,Data Modeling , Data Science,R (Programming Language),Statistical Modeling",Mumbai Metropolitan Region,Data Scientist,https://www.linkedin.com/jobs/view/3770938909/?alternateChannel=search&refId=%2BacqBjq40k7fXUtFOpO09g%3D%3D&trackingId=ML1XhzsEwYlnQC17mnteZg%3D%3D
Data Scientist,Godrej Group,"Data Analysis,Data Mining, Data Science,Exploratory Data Analysis,Predictive Modeling , R (Programming Language)","Mumbai, Maharashtra, India",Data Scientist,https://www.linkedin.com/jobs/view/3839077676/?alternateChannel=search&refId=EBacp9Q%2BPKycSTA1jCBZdw%3D%3D&trackingId=UnF3MnJbX6m26bATjMMMqQ%3D%3D
Data Scientist,Infosys,"High Impact Communication, DataScience,DataIntegration,Statistical Analysis Tools,Analytical Skills","Bengaluru East, Karnataka, India",Data Scientist,https://www.linkedin.com/jobs/view/3797242805/?alternateChannel=search&refId=OolApMCxtYstyXU4eCNZTw%3D%3D&trackingId=a20gTkEd1vaiUQZ5bhOkVQ%3D%3D
AI Trainer for Career Counselor,Accunai,"Career Counseling, Counseling, Counseling Psychology,Mental Health Counseling",India,AI Developer,https://www.linkedin.com/jobs/view/3862012360/?alternateChannel=search&refId=FYKpdVh%2FJCbyn42LY18SIw%3D%3D&trackingId=l4XbRqSaDx7pEzHsWYxSPg%3D%3D
Manager - Data Services,Prospecta Software ,"Data Cleaning,Enterprise Resource Planning (ERP),Master Data Management,MRO Management,SAP Enterprise Asset Management (EAM)","Bengaluru, Karnataka, India",,https://www.linkedin.com/jobs/view/3853449220/?alternateChannel=search&refId=BSZpAZ2smOIbm7T58IEcog%3D%3D&trackingId=WLJr1WCPWft2jkgyoyM7sQ%3D%3D
Java Full Stack,Tata Consultancy Services,"Core Java, J2EE Application Development, Jakarta EE, Java,","Bhubaneswar, Odisha, India",Application Developer,https://www.linkedin.com/jobs/view/3857017680/?alternateChannel=search&refId=BSZpAZ2smOIbm7T58IEcog%3D%3D&trackingId=w38Zd86FzyTIj6MQUhiUwA%3D%3D
Freelance Flutter Developer,Leading MNC,"Flutter, Gaming, and React.js",India,Flutter developer,https://www.linkedin.com/jobs/search/?currentJobId=3862291048&f_I=96%2C4%2C3%2C1594%2C84&f_JT=P&f_TPR=r604800&origin=JOB_SEARCH_PAGE_JOB_FILTER&sortBy=R
React JS,Tata Consultancy Services,"Cascading Style Sheets (CSS), HTML, JavaScript, React.js,Redux.js","Bhubaneswar, Odisha, India",React Developer,https://www.linkedin.com/jobs/view/3857018292/?alternateChannel=search&refId=BSZpAZ2smOIbm7T58IEcog%3D%3D&trackingId=omkhqaARVzDyHCB4Jg2nig%3D%3D
iOS Developer,Max Healthcare,"Mobile Application Development,REST APIs,Swift (Programming Language),iOS Development,Objective-C","Gurugram, Haryana, India",iOS developer,https://www.linkedin.com/jobs/view/3848207580/?alternateChannel=search&refId=r5joMS3AsmAK8DBnsgVNEw%3D%3D&trackingId=lN%2F0TVH1wLAnguKPmbFPbw%3D%3D
Senior Full Stack Engineer,EXL,"Amazon Web Services (AWS), MySQL, Next.js, and React.js","Noida, Uttar Pradesh, India ",Full stack Developer,https://www.linkedin.com/jobs/view/3862491358/?alternateChannel=search&refId=r5joMS3AsmAK8DBnsgVNEw%3D%3D&trackingId=dgEpe%2B5LL9KJLN1fw%2B%2FDDA%3D%3D
Full stack developer - php,Talentgigs,"AWS, PHP, NodeJS, Laravel, VueJS, HTML5, CSS3, JavaScript, MySQL","Chennai, Tamil Nadu, India ",Full stack Developer,https://www.linkedin.com/jobs/view/3863569671/?alternateChannel=search&refId=iM%2Bs1VWOJ8uhXmFdVvhp3w%3D%3D&trackingId=7rLDgkmpG0jHARUYnWey8w%3D%3D
Lead Data Scientist,Mphasis,"Artificial Intelligence (AI),Data Science,Deep Learning,Keras,Long Short-term Memory (LSTM),Machine Learning,Scikit-Learn,TensorFlow","Hyderabad, Telangana, India ",Data Scientist,https://www.linkedin.com/jobs/view/3855135718/?alternateChannel=search&refId=jFsmLObe1TeztjvHYMEHQw%3D%3D&trackingId=l0CZMgnUupE8pzxieSr2dw%3D%3D
Lead Software Engineer,Mastercard ,"IBM Db2,BM Tivoli Workload Scheduler (TWS),Software Development,Software Development Tools, z/OS, z/VM,Metrics Reporting","Pune, Maharashtra, India",Software Engineer,https://www.linkedin.com/jobs/view/3862429139/?alternateChannel=search&refId=ZWfyJ1on29ibbD%2FksTIQ1A%3D%3D&trackingId=ZC0Ckgj57eehoiidP7Eaaw%3D%3D
Software Engineer III Full stack,Walmart Global Tech India ,"Back-End Web Development,Defect Management,Business Understanding,Hibernate,Software Maintenance,Regression Testing,Spring Framework,Traceability Matrix","Bengaluru, Karnataka, India",Software Engineer,https://www.linkedin.com/jobs/view/3822417593/?alternateChannel=search&refId=HSzSHdAwsooyS1c1ffyKKw%3D%3D&trackingId=2RR5%2BIV%2FDHLKEgOavG%2BQfg%3D%3D
Senior Engineer,Capgemini,"Analytical Skills,Debugging,Electrical Engineering,Functional Testing,Functional Testing,Test Specification,MATLAB","Bengaluru, Karnataka, India",Full stack Developer,https://www.linkedin.com/jobs/view/3863800577/?alternateChannel=search&refId=t1ZN0HeshlhUBNypVLHN1w%3D%3D&trackingId=lJZk3%2BvuDR%2FFCjLqwRDQag%3D%3D
Lead Fullstack Developer (React and Node),TVS Next,"Node.js,React.js,Full-Stack Development,Leadership,Design Patterns,Risk Management","Chennai, Tamil Nadu, India ",ML Engineer,https://www.linkedin.com/jobs/view/3860373863/?alternateChannel=search&refId=TO7zT%2BC7BidJro%2FtHHUT5Q%3D%3D&trackingId=fiklQDfRaU186%2FwMk0cOuw%3D%3D
"ML Data Linguist, AGI DS",Amazon,"Data Analysis,Linguistics,Annotation,Natural Language Processing (NLP),Hindi,Computational Linguistics","Hyderabad, Telangana, India ",,https://www.linkedin.com/jobs/view/3836779084/?alternateChannel=search&refId=G%2F%2FXaBum2UCNE%2FQmKisw%2BA%3D%3D&trackingId=k4Tk2aKCfv1VRpz0RnFlfQ%3D%3D
Cloud Engineer,Route Mobile Limited,"AWS CloudFormation, Amazon Web Services (AWS),CLI,Cloud Computing,Terraform","Bengaluru, Karnataka, India",Cloud Engineer,https://www.linkedin.com/jobs/view/3865135323/?alternateChannel=search&refId=SrdsAyUsn64mHeVCSQP0MA%3D%3D&trackingId=V6Z1PkkZF5eB56RaLDwqHQ%3D%3D
React Developer,Truelancer.com,React.js and Redux.js,Pune/Pimpri-Chinchwad Area ,React Developer,https://www.linkedin.com/jobs/view/3864909169/?alternateChannel=search&refId=iXQ%2BHRWyDYJQ6Jm88Q7HQw%3D%3D&trackingId=exySQGJ1ffED%2BOlkgFP05A%3D%3D
Solutions Architect : Data & AI,Databricks,"Big Data Analytics,Data Analytics,Data Science,python,R,Demos,Presentations,Artificial Intelligence",Mumbai Metropolitan Region ,Data Scientist,https://www.linkedin.com/jobs/view/3863922748/?alternateChannel=search&refId=oiDp%2BNQxyANYblQuVCKRDQ%3D%3D&trackingId=N8pyKWJvaOmSMep8Jm48Zg%3D%3D
Dotnet Developer,Programmers.io ,".NET APIs,.NET Core,.NET Framework,ASP.NET,ASP.NET MVC,SQL,Visual Basic .NET (VB.NET)","Ahmedabad, Gujarat, India",Dotnet Developer,https://www.linkedin.com/jobs/view/3838086157/?alternateChannel=search&refId=liLgAaaalY9UTkc4gsfSjw%3D%3D&trackingId=IyVbWvxeP%2FGPxN1U3zDmUA%3D%3D
Artificial Intelligence Engineer,Supersourcing,"Artificial Intelligence (AI),Artificial Intelligence (AI),Data Science,Deep Learning,Natural Language Processing (NLP),Pattern Recognition,Problem Solving,Speech Recognition",India,AI Developer,https://www.linkedin.com/jobs/view/3858565287/?alternateChannel=search&refId=jVDOP%2FVlA1BDVAi3rJ%2FyHQ%3D%3D&trackingId=wke84h7o8T2kd2swcW1Qqw%3D%3D
AWS Devops Engineer,Programmers.io ,"AWS SageMaker,Amazon EC2,Amazon Route 53,Amazon Web Services (AWS),Business Requirements,Technical Solution Design,Optimization,Domain Name System (DNS),Solution Architecture","Hyderabad, Telangana, India",DevOps Engineer,https://www.linkedin.com/jobs/view/3830324816/?alternateChannel=search&refId=jVDOP%2FVlA1BDVAi3rJ%2FyHQ%3D%3D&trackingId=6JjaZC1OSYDp7fIta6cpeg%3D%3D
Sr. AI ML Engineer,Sunflower Lab,"Algorithms,Artificial Intelligence (AI),Data Mining,Data Science,Machine Learning,Machine Learning,Pattern Recognition,PyTorch,TensorFlow","Vadodara, Gujarat, India",ML Engineer,https://www.linkedin.com/jobs/view/3861587270/?alternateChannel=search&refId=S1BxmYVT1Y%2FSbBzHHmHMVQ%3D%3D&trackingId=kK3EP0NhwyQFuyaPn1b4HA%3D%3D
Computer Vision-AI / ML Engineer,Accenture in India ,"Artificial Intelligence (AI),Computer Vision,Data Engineering,Data Science,Image Processings,Natural Language Processing (NLP),Neural Networks","Bengaluru, Karnataka, India",Dotnet Developer,https://www.linkedin.com/jobs/view/3856592233/?alternateChannel=search&refId=sbJuO9tFrkcQwZGEk6fW5w%3D%3D&trackingId=zLO%2BmVUqLfFW7uG3N%2Bi7yg%3D%3D
AI / ML Engineer,Valeo ,"Artificial Intelligence (AI),Data Science,Deep Learning,Natural Language Processing (NLP),Flask,Image Processing,Data Engineering,Version Management","Chennai, Tamil Nadu, India",AI Developer,https://www.linkedin.com/jobs/view/3770619647/?alternateChannel=search&refId=sbJuO9tFrkcQwZGEk6fW5w%3D%3D&trackingId=mv3gVwde4stYk7K9yM0C9g%3D%3D
Full stack web developer,ANDRITZ,"SQL,ASP.NET MVC,C,Databases, Node.js, React.js, Software Development","Bengaluru, Karnataka, India",Full stack Developer,https://www.linkedin.com/jobs/view/3815213434/?alternateChannel=search&refId=FFaxM4V7baA2EDtJhazcvg%3D%3D&trackingId=vOoFfaa2UquDiHQuprnQBw%3D%3D
Java Web Developer,Tech Mahindra,"Core Java,REST APIs,Spring MVC, Spring Boot,JavaServer Pages","Navi Mumbai, Maharastra,India",Application Developer,https://www.linkedin.com/jobs/view/3858568952/?alternateChannel=search&refId=8i8xD%2Be21mNz3iBor6mQdw%3D%3D&trackingId=JirbMzAYGwoi1g3n%2BW1W4Q%3D%3D
AI Research Scientist,mokSa.ai ,"Artificial Intelligence (AI),Computer Vision,Data Science,Deep Learning,English,image Processing,Machine Learning,Pattern Recognition","Hyderabad, Telangana, India",AI Developer,https://www.linkedin.com/jobs/view/3853478499/?alternateChannel=search&refId=KHZ3Rxs9FK91tnB75pgNdA%3D%3D&trackingId=QKDCnPR8mWR3S%2FllfcS%2Fvg%3D%3D
Lead Data Scientist,MakeMyTrip ,"Anomaly Detection,Data Science,Data Analysis,Machine Learning,Python (Programming Language),SQL,Statistical Data Analysis","Bengaluru, Karnataka, India",Data Scientist,https://www.linkedin.com/jobs/view/3844796688/?alternateChannel=search&refId=KHZ3Rxs9FK91tnB75pgNdA%3D%3D&trackingId=RUM6Nx2CD2A1w0obBlcEyQ%3D%3D
Sr Data Engineer,Warner Bros. Discovery,"Amazon Kinesis,Data Analytics,Database Queries,Databases,Extract, Transform, Load (ETL),Snowflake,Snowflake Cloud,","Hyderabad, Telangana, India",Data Scientist,https://www.linkedin.com/jobs/view/3832497773/?alternateChannel=search&refId=KHZ3Rxs9FK91tnB75pgNdA%3D%3D&trackingId=m5c%2BLptFZW%2BnITT3Uk5Y4g%3D%3D
Senior Data Scientist,Simple,"Deep Learning,Keras,Machine Learning,Natural Language Processing (NLP),PyTorch,Python (Programming Language),SQL,Scikit-Learn,TensorFlow","Bengaluru, Karnataka, India",Data Scientist,https://www.linkedin.com/jobs/view/3847479158/?alternateChannel=search&refId=b5uViETHNoaDH449L8hABA%3D%3D&trackingId=I2DhmJckHThoZXmrsQXOOg%3D%3D
"Software Engineer III, Full Stack, Google Ads",Google,"Algorithms,Back-End Web Development, Data Structures,Front-End Development,Programming Languages,Software Development,System Development,TypeScript","Bengaluru, Karnataka, India",Software Engineer,https://www.linkedin.com/jobs/view/3838826351/?alternateChannel=search&refId=E4JRZsf8olqFmvuPJc%2Bs%2FQ%3D%3D&trackingId=9VwqBVv1PFXrYgo9dqrcDA%3D%3D
